Model,F1 (Macro),F1 (Weighted)
mmbert,0.6788790889504108,0.8668644887050125
